delta_sigma_mpa,retardance_rad
0.0,0.01703263594895645
1.0,0.1984162202507274
2.0,0.38290293619412985
3.0,0.5591406638727909
4.0,0.7408390135194437
5.0,0.919329212399427
6.0,1.0952080902916732
7.0,1.278262918097148
8.0,1.4552068552875508
9.0,1.6347090544977028
10.0,1.8154873040073218
11.0,1.9901375910368846
12.0,2.1778114607738774
13.0,2.3517412736411814
14.0,2.536274931130813
15.0,2.7132026664485247
16.0,2.896909382520983
17.0,3.0698529552458518
18.0,3.2504170591229493
19.0,3.431885331277166
20.0,3.603769190808021
