reference_r,reference_g,reference_b,measured_r,measured_g,measured_b
0.05,0.05,0.05,0.061500000000000006,0.0675,0.069
0.1,0.1,0.1,0.113,0.115,0.12300000000000001
0.15,0.15,0.15,0.1645,0.16249999999999998,0.177
0.2,0.2,0.2,0.21600000000000003,0.21,0.23100000000000004
0.25,0.25,0.25,0.2675,0.2575,0.28500000000000003
0.3,0.3,0.3,0.319,0.305,0.339
0.35,0.35,0.35,0.3705,0.3525,0.393
0.39999999999999997,0.39999999999999997,0.39999999999999997,0.422,0.39999999999999997,0.447
0.44999999999999996,0.44999999999999996,0.44999999999999996,0.4735,0.44749999999999995,0.501
0.49999999999999994,0.49999999999999994,0.49999999999999994,0.5249999999999999,0.49499999999999994,0.5549999999999999
0.5499999999999999,0.5499999999999999,0.5499999999999999,0.5764999999999999,0.5425,0.609
0.6,0.6,0.6,0.628,0.59,0.663
0.65,0.65,0.65,0.6795000000000001,0.6375,0.7170000000000001
0.7,0.7,0.7,0.731,0.6849999999999999,0.771
0.75,0.75,0.75,0.7825,0.7324999999999999,0.8250000000000001
0.7999999999999999,0.7999999999999999,0.7999999999999999,0.834,0.7799999999999999,0.879
0.85,0.85,0.85,0.8855,0.8275,0.933
